{
	"pages": [ //pages数组中第一项表示应用启动页，参考：https://uniapp.dcloud.io/collocation/pages
		{
			"path": "pages/index/index",
			"style": {
				"navigationBarTitleText": "nuls-voting",
				"app-plus": {
				                    "titleNView": {
				                        "buttons": [{
				                                "text": "\ue699",
				                                "fontSrc": "/static/iconfont.ttf",
				                                "fontSize": "22px",
				                                "float": "left"
				                            }
				                           
				                        ]
				                    }
				                }
				
			}
		},
		{
			"path": "pages/candidate/index",
			"style": {
				"navigationBarTitleText": "nuls-voting",
				"app-plus": {
				                    "titleNView": {
				                        "buttons": [{
				                                "text": "\ue699",
				                                "fontSrc": "/static/iconfont.ttf",
				                                "fontSize": "22px",
				                                "float": "left"
				                            }
				                           
				                        ]
				                    }
				                }
				
			}
		},
		{
			"path": "pages/vote/index",
			"style": {
				"navigationBarTitleText": "nuls-voting",
				"app-plus": {
				                    "titleNView": {
				                        "buttons": [{
				                                "text": "\ue699",
				                                "fontSrc": "/static/iconfont.ttf",
				                                "fontSize": "22px",
				                                "float": "left"
				                            }
				                           
				                        ]
				                    }
				                }
				
			}
		},
	    {
            "path" : "pages/common/leftdrawer/leftdrawer",
            "style" : {}
        }
    ],
	"globalStyle": {
		"navigationBarTextStyle": "black",
		"navigationBarTitleText": "nuls-voting",
		"navigationBarBackgroundColor": "#F8F8F8",
		"backgroundColor": "#F8F8F8"
	}
}
